dtype,T,N,K,ldy,hipblas_ms,hipblaslt_ms,speedup,solution_id,candidates
f16,16384,12288,2560,12288,570.6621,188.9930,3.02,1156,7
f16,16384,10240,2560,10240,503.3711,156.5461,3.22,1156,7
f16,16384,6144,2560,6144,293.1865,90.8025,3.23,1156,7
f16,16384,2560,6144,2560,305.2351,95.6022,3.19,1156,7
f16,16384,2560,640,2560,30.1023,7.7349,3.89,1156,7
f16,16384,640,2560,640,28.5472,8.7900,3.25,1156,7
f16,16384,512,2560,512,23.9800,6.8811,3.48,1156,7
bf16,16384,10240,2560,10240,643.8805,156.7946,4.11,542,9
bf16,16384,10240,320,10240,76.4387,15.2220,5.02,542,9
bf16,16384,320,10240,320,77.3861,14.7762,5.24,542,9
bf16,16384,2560,2560,2560,150.7980,35.3540,4.27,542,9
bf16,16384,512,2560,512,30.8884,7.1108,4.34,542,9
bf16,16384,128,2560,128,8.3923,1.7241,4.87,542,9
bf16,16384,48,2560,96,10.6357,1.1835,8.99,542,9
bf16,16384,4,10240,4,40.6301,4.0832,9.95,540,9
bf16,16384,1,2560,1,9.9104,1.1005,9.01,541,9
f16,8192,12288,2560,12288,308.3724,90.1251,3.42,1156,7
f16,8192,10240,2560,10240,250.9099,74.3622,3.37,1156,7
f16,8192,6144,2560,6144,140.4356,43.8731,3.20,1156,7
f16,8192,2560,6144,2560,150.6988,44.4999,3.39,1156,7
f16,8192,2560,640,2560,14.8262,3.7157,3.99,1156,7
f16,8192,640,2560,640,13.9774,4.2053,3.32,1156,7
f16,8192,512,2560,512,11.6448,3.2112,3.63,1156,7
bf16,8192,10240,2560,10240,320.6165,74.0897,4.33,542,9
bf16,8192,10240,320,10240,38.5849,7.4783,5.16,542,9
bf16,8192,320,10240,320,37.5879,7.2077,5.21,542,9
bf16,8192,2560,2560,2560,76.0175,17.7230,4.29,542,9
bf16,8192,512,2560,512,15.2948,3.3626,4.55,542,9
bf16,8192,128,2560,128,4.1660,0.8738,4.77,542,9
bf16,8192,48,2560,96,5.3577,0.5958,8.99,542,9
bf16,8192,4,10240,4,20.5606,2.0541,10.01,539,9
bf16,8192,1,2560,1,5.0202,0.5513,9.11,541,9
f16,4096,12288,2560,12288,154.3027,43.5847,3.54,1156,7
f16,4096,10240,2560,10240,125.2170,35.3366,3.54,1156,7
f16,4096,6144,2560,6144,76.6512,21.5816,3.55,1156,7
f16,4096,2560,6144,2560,72.3956,21.3828,3.39,1156,7
f16,4096,2560,640,2560,7.5191,1.9463,3.86,1156,7
f16,4096,640,2560,640,7.5407,1.9201,3.93,1156,7
f16,4096,512,2560,512,7.6409,1.5795,4.84,1156,7
bf16,4096,10240,2560,10240,158.8611,35.4939,4.48,542,9
bf16,4096,10240,320,10240,19.6857,3.8810,5.07,542,9
bf16,4096,320,10240,320,17.5878,3.6732,4.79,542,9
bf16,4096,2560,2560,2560,37.4763,8.6888,4.31,542,9
bf16,4096,512,2560,512,7.3683,1.5579,4.73,542,9
bf16,4096,128,2560,128,2.0444,0.4077,5.01,542,9
bf16,4096,48,2560,96,2.6212,0.3096,8.46,539,9
bf16,4096,4,10240,4,9.7732,1.0236,9.55,540,9
bf16,4096,1,2560,1,2.5765,0.2698,9.55,540,9
f16,2048,12288,2560,12288,75.0208,21.6041,3.47,1156,7
f16,2048,10240,2560,10240,66.4348,17.9153,3.71,1156,7
f16,2048,6144,2560,6144,38.5592,10.6631,3.62,1156,7
f16,2048,2560,6144,2560,36.8025,10.4813,3.51,1156,7
f16,2048,2560,640,2560,4.0939,0.8960,4.57,1156,7
f16,2048,640,2560,640,4.1720,0.9064,4.60,1156,7
f16,2048,512,2560,512,3.6901,0.7531,4.90,1156,7
bf16,2048,10240,2560,10240,80.8788,18.5174,4.37,542,9
bf16,2048,10240,320,10240,9.9698,1.9474,5.12,542,9
bf16,2048,320,10240,320,9.3119,1.8604,5.01,542,9
bf16,2048,2560,2560,2560,18.4291,4.0419,4.56,542,9
bf16,2048,512,2560,512,3.9841,0.7788,5.12,542,9
bf16,2048,128,2560,128,1.2195,0.2385,5.11,542,9
bf16,2048,48,2560,96,1.3148,0.1521,8.65,542,9
bf16,2048,4,10240,4,4.9064,0.6099,8.05,555,9
bf16,2048,1,2560,1,1.2333,0.1394,8.85,539,9
f16,1024,12288,2560,12288,38.5003,10.2640,3.75,1156,7
f16,1024,10240,2560,10240,31.9227,8.6601,3.69,1156,7
f16,1024,6144,2560,6144,18.4690,5.1609,3.58,1156,7
f16,1024,2560,6144,2560,17.6803,4.6002,3.84,1156,7
f16,1024,2560,640,2560,1.9869,0.4573,4.34,1156,7
f16,1024,640,2560,640,2.1281,0.5205,4.09,1156,7
f16,1024,512,2560,512,1.6421,0.3834,4.28,1156,7
bf16,1024,10240,2560,10240,38.4572,8.4683,4.54,542,9
bf16,1024,10240,320,10240,5.5595,1.6651,3.34,542,9
bf16,1024,320,10240,320,5.3373,1.0736,4.97,542,9
bf16,1024,2560,2560,2560,9.9116,1.8666,5.31,542,9
bf16,1024,512,2560,512,2.1414,0.3931,5.45,542,9
bf16,1024,128,2560,128,0.6803,0.1084,6.28,542,9
bf16,1024,48,2560,96,0.8438,0.0910,9.27,541,9
bf16,1024,4,10240,4,2.5770,0.2658,9.70,553,9
bf16,1024,1,2560,1,0.7056,0.0826,8.54,541,9
f16,512,12288,2560,12288,19.0235,4.9853,3.82,1156,7
f16,512,10240,2560,10240,15.7707,4.0130,3.93,1156,7
f16,512,6144,2560,6144,8.5797,2.1693,3.95,1156,7
f16,512,2560,6144,2560,9.1863,2.0610,4.46,1156,7
f16,512,2560,640,2560,0.9946,0.2204,4.51,1156,7
f16,512,640,2560,640,1.1312,0.2664,4.25,1156,7
f16,512,512,2560,512,0.8627,0.2329,3.70,1156,7
bf16,512,10240,2560,10240,18.5991,3.8958,4.77,542,9
bf16,512,10240,320,10240,2.3511,0.9714,2.42,542,9
bf16,512,320,10240,320,2.5423,0.3841,6.62,542,9
bf16,512,2560,2560,2560,5.3614,1.0053,5.33,542,9
bf16,512,512,2560,512,1.3167,0.2460,5.35,541,9
bf16,512,128,2560,128,0.3764,0.0802,4.69,542,9
bf16,512,48,2560,96,0.3619,0.0669,5.41,542,9
bf16,512,4,10240,4,1.2848,0.1538,8.35,553,9
bf16,512,1,2560,1,0.3443,0.0412,8.36,555,9
f16,256,12288,2560,12288,11.0056,2.6006,4.23,1156,7
f16,256,10240,2560,10240,9.5589,2.1220,4.50,1156,7
f16,256,6144,2560,6144,4.8171,1.3619,3.54,1156,7
f16,256,2560,6144,2560,4.4667,1.1821,3.78,1156,7
f16,256,2560,640,2560,0.5956,0.1270,4.69,1156,7
f16,256,640,2560,640,0.7308,0.1250,5.85,1156,7
f16,256,512,2560,512,0.4694,0.1808,2.60,1156,7
bf16,256,10240,2560,10240,10.3660,2.1516,4.82,542,9
bf16,256,10240,320,10240,1.3209,0.3100,4.26,542,9
bf16,256,320,10240,320,1.5608,0.2526,6.18,541,9
bf16,256,2560,2560,2560,2.5480,0.5802,4.39,542,9
bf16,256,512,2560,512,0.5536,0.1081,5.12,542,9
bf16,256,128,2560,128,0.1628,0.0827,1.97,540,9
bf16,256,48,2560,96,0.1880,0.0645,2.91,543,9
bf16,256,4,10240,4,0.7191,0.1333,5.40,539,9
bf16,256,1,2560,1,0.1812,0.0261,6.94,553,9
f16,128,12288,2560,12288,5.7421,1.8325,3.13,1154,7
f16,128,10240,2560,10240,4.3162,1.5516,2.78,1154,7
f16,128,6144,2560,6144,2.3298,0.9226,2.53,1154,7
f16,128,2560,6144,2560,2.6517,0.8918,2.97,1156,7
f16,128,2560,640,2560,0.2936,0.1385,2.12,1156,7
f16,128,640,2560,640,0.3463,0.2238,1.55,1167,7
f16,128,512,2560,512,0.2902,0.0985,2.94,1156,7
bf16,128,10240,2560,10240,5.5433,1.5391,3.60,540,9
bf16,128,10240,320,10240,0.6654,0.1904,3.50,542,9
bf16,128,320,10240,320,0.7363,0.2120,3.47,541,9
bf16,128,2560,2560,2560,1.3454,0.3869,3.48,542,9
bf16,128,512,2560,512,0.2837,0.0999,2.84,541,9
bf16,128,128,2560,128,0.1492,0.0485,3.08,552,9
bf16,128,48,2560,96,0.1477,0.0235,6.29,543,9
bf16,128,4,10240,4,0.4786,0.0630,7.60,543,9
bf16,128,1,2560,1,0.1326,0.0205,6.45,553,9
f16,64,12288,2560,12288,4.9551,1.2391,4.00,1154,7
f16,64,10240,2560,10240,4.0352,0.9967,4.05,1154,7
f16,64,6144,2560,6144,2.4523,0.6709,3.66,1154,7
f16,64,2560,6144,2560,2.2624,0.6604,3.43,1156,7
f16,64,2560,640,2560,0.2160,0.0606,3.57,1156,7
f16,64,640,2560,640,0.3042,0.0915,3.33,1155,7
f16,64,512,2560,512,0.2539,0.0863,2.94,1154,7
bf16,64,10240,2560,10240,4.1701,1.0490,3.98,541,9
bf16,64,10240,320,10240,0.3608,0.1476,2.44,541,9
bf16,64,320,10240,320,0.6882,0.1945,3.54,539,9
bf16,64,2560,2560,2560,0.8595,0.2575,3.34,541,9
bf16,64,512,2560,512,0.2072,0.0910,2.28,555,9
bf16,64,128,2560,128,0.1414,0.0460,3.08,555,9
bf16,64,48,2560,96,0.1501,0.0284,5.28,554,9
bf16,64,4,10240,4,0.3768,0.0593,6.35,543,9
bf16,64,1,2560,1,0.4442,0.0197,22.55,543,9
