configuration,suite,native_context,usable_api_context,prefill,reserve_mib,label,run,input_tokens,output_tokens,prompt_tps,decode_tps,ttft_s,total_s,input_ids_sha256,output_ids_sha256,valid
8k-512,main,8192,8184,512,3072,bench-512-0,1,512,640,352.37439779766004,48.67401340056431,1.486453754005197,14.602635237999493,7a8b790518b46aeb09308bcaf0b2d6e5f88e1833675f003ab729879bd66f0429,53ecf36b3515d65adc7128293494e8f8d87de0a7dc70e4b835128b9819446e61,True
8k-512,main,8192,8184,512,3072,bench-512-1,1,512,640,352.7628496623949,49.18763545813671,1.4848548109948752,14.464078181998048,46ba88f7512466954166caa83b4d4a9efb14ea97a572d40b6e2b2314fae0fbf2,382eedf95c3f257104e845d37f2d2b2ba65ceb60067fd1a952662dfb1769ee52,True
8k-512,main,8192,8184,512,3072,bench-512-2,1,512,640,349.15439170758316,38.00136567407891,1.5005320929994923,18.308917479997035,ca4431f9e01900953702dc1788b319df7c908ff2af329367eef614c6f47f793d,107f6791bd6fcb5a486c17a0f68ec5daafe7388ae5039d9999804d81c00d1b6f,True
8k-512,main,8192,8184,512,3072,bench-512-3,1,512,640,357.99188924625923,41.6777915980177,1.4635920130021987,16.78713981599867,2577f5dc58806bfa2d770923235ca38c2ee1287f591bf3f0a5affd0d9da1704b,f84efcffb6918e0e067e94df10b742a4bd051f054f15c62c25f1bdb95a26dd73,True
8k-512,main,8192,8184,512,3072,bench-512-4,1,512,640,344.6418955304254,45.01652950692832,1.5191593440031284,15.70372823800426,2affe3aea9eb191ea72197455b01efed5acb3922d1414da0f890491bbde3e67f,8ba4ebb1a0399ec82cf6ff2a86e01af9c0e10ab8d572b7d24a1d2d0172ff9e64,True
8k-512,main,8192,8184,512,3072,bench-7000-0,1,7000,640,315.31957639067195,52.22272994320778,22.23451974100317,34.456535436002014,6b8e7149da625c30b478f0e793fc4e788febe8013160276f5eb7d4217659b619,1097039e0e7e72da60365e9814e3061517b9f542548812bc6870651b1464cde7,True
8k-512,main,8192,8184,512,3072,bench-7000-1,1,7000,640,315.32809888689184,46.45322378114725,22.23390123200079,35.97797873899981,cf3bf3862432f28434d999ab26bbb99900518e85f635bb30fbe3b2dee8a43269,b3891c234ab824724793c678fe272125a075f67d4050f6364fc75d65716a01b9,True
8k-512,main,8192,8184,512,3072,bench-7000-2,1,7000,640,315.44461919074934,35.19616361816562,22.22643303299992,40.37639872600266,bbd058e7ee29c3a3403b7d2dedffb873412386e3185a537dc677f2649b4e64fa,6fc497fba02daec677102ebc635311c12bb25adbcec13437613dcdc3874b987f,True
8k-512,main,8192,8184,512,3072,bench-7000-3,1,7000,640,315.71351253833666,43.490965431477946,22.206747525000537,36.88929874599853,271be8da7554e506184cb33a8d8211846dfe34551cfa5e1088b57dae34386533,f5106647d63660877542dccdd741b336f3651de99e0b4748d6907b2f219ed48a,True
8k-512,main,8192,8184,512,3072,bench-7000-4,1,7000,640,315.44177620757876,41.8199520377425,22.225795482998365,37.49643328599632,36e2231837959a481491bf9d851b048eaff4008e60ef9025e304425e89a6ad53,16a8db9bfd9b939ce95dedb5e3a2b21b137ad8ebbbe7ab3be991292953736ece,True
8k-512,main,8192,8184,512,3072,bench-512-0,2,512,640,352.27741846704276,48.66328051339761,1.4869932690053247,14.605993185003172,7a8b790518b46aeb09308bcaf0b2d6e5f88e1833675f003ab729879bd66f0429,53ecf36b3515d65adc7128293494e8f8d87de0a7dc70e4b835128b9819446e61,True
8k-512,main,8192,8184,512,3072,bench-512-1,2,512,640,352.9817304377801,49.18120970406744,1.483933003997663,14.464741142001003,46ba88f7512466954166caa83b4d4a9efb14ea97a572d40b6e2b2314fae0fbf2,382eedf95c3f257104e845d37f2d2b2ba65ceb60067fd1a952662dfb1769ee52,True
8k-512,main,8192,8184,512,3072,bench-512-2,2,512,640,346.81297839192575,38.00949049465788,1.5104386109960615,18.315157220997207,ca4431f9e01900953702dc1788b319df7c908ff2af329367eef614c6f47f793d,107f6791bd6fcb5a486c17a0f68ec5daafe7388ae5039d9999804d81c00d1b6f,True
8k-512,main,8192,8184,512,3072,bench-512-3,2,512,640,358.1922484958724,41.67290675035975,1.4629622330030543,16.7881544280026,2577f5dc58806bfa2d770923235ca38c2ee1287f591bf3f0a5affd0d9da1704b,f84efcffb6918e0e067e94df10b742a4bd051f054f15c62c25f1bdb95a26dd73,True
8k-512,main,8192,8184,512,3072,bench-512-4,2,512,640,350.39693402682724,44.99247782011445,1.494853715004865,15.687034372000198,2affe3aea9eb191ea72197455b01efed5acb3922d1414da0f890491bbde3e67f,8ba4ebb1a0399ec82cf6ff2a86e01af9c0e10ab8d572b7d24a1d2d0172ff9e64,True
8k-512,main,8192,8184,512,3072,bench-7000-0,2,7000,640,315.2996923575859,52.208671534037606,22.236051631996816,34.46141058099602,6b8e7149da625c30b478f0e793fc4e788febe8013160276f5eb7d4217659b619,1097039e0e7e72da60365e9814e3061517b9f542548812bc6870651b1464cde7,True
8k-512,main,8192,8184,512,3072,bench-7000-1,2,7000,640,315.3636142472271,46.44917806727873,22.23135302299488,35.976611840997066,cf3bf3862432f28434d999ab26bbb99900518e85f635bb30fbe3b2dee8a43269,b3891c234ab824724793c678fe272125a075f67d4050f6364fc75d65716a01b9,True
8k-512,main,8192,8184,512,3072,bench-7000-2,2,7000,640,315.3124746623904,35.197325003299746,22.235519458001363,40.38510999199934,bbd058e7ee29c3a3403b7d2dedffb873412386e3185a537dc677f2649b4e64fa,6fc497fba02daec677102ebc635311c12bb25adbcec13437613dcdc3874b987f,True
8k-512,main,8192,8184,512,3072,bench-7000-3,2,7000,640,315.68930760315146,43.489487775376794,22.208402928001306,36.891612551000435,271be8da7554e506184cb33a8d8211846dfe34551cfa5e1088b57dae34386533,f5106647d63660877542dccdd741b336f3651de99e0b4748d6907b2f219ed48a,True
8k-512,main,8192,8184,512,3072,bench-7000-4,2,7000,640,315.2372160050438,41.831158984548615,22.240199856998515,37.506764951998775,36e2231837959a481491bf9d851b048eaff4008e60ef9025e304425e89a6ad53,16a8db9bfd9b939ce95dedb5e3a2b21b137ad8ebbbe7ab3be991292953736ece,True
8k-512,main,8192,8184,512,3072,bench-512-0,3,512,640,352.8114663726571,48.67179241480535,1.4847840959992027,14.601516670001729,7a8b790518b46aeb09308bcaf0b2d6e5f88e1833675f003ab729879bd66f0429,53ecf36b3515d65adc7128293494e8f8d87de0a7dc70e4b835128b9819446e61,True
8k-512,main,8192,8184,512,3072,bench-512-1,3,512,640,353.29837151531876,49.18120970406744,1.4826883630012162,14.463372318001348,46ba88f7512466954166caa83b4d4a9efb14ea97a572d40b6e2b2314fae0fbf2,382eedf95c3f257104e845d37f2d2b2ba65ceb60067fd1a952662dfb1769ee52,True
8k-512,main,8192,8184,512,3072,bench-512-2,3,512,640,349.5835040284037,38.00226826038679,1.4987666009983514,18.306564821999928,ca4431f9e01900953702dc1788b319df7c908ff2af329367eef614c6f47f793d,107f6791bd6fcb5a486c17a0f68ec5daafe7388ae5039d9999804d81c00d1b6f,True
8k-512,main,8192,8184,512,3072,bench-512-3,3,512,640,358.5936405659056,41.653107712333224,1.4612209699989762,16.793817807003506,2577f5dc58806bfa2d770923235ca38c2ee1287f591bf3f0a5affd0d9da1704b,f84efcffb6918e0e067e94df10b742a4bd051f054f15c62c25f1bdb95a26dd73,True
8k-512,main,8192,8184,512,3072,bench-512-4,3,512,640,350.49288061336256,45.01114729194652,1.4942446380009642,15.680540973000461,2affe3aea9eb191ea72197455b01efed5acb3922d1414da0f890491bbde3e67f,8ba4ebb1a0399ec82cf6ff2a86e01af9c0e10ab8d572b7d24a1d2d0172ff9e64,True
8k-512,main,8192,8184,512,3072,bench-7000-0,3,7000,640,315.4943796929789,52.210801109479526,22.22221389000333,34.44696678299806,6b8e7149da625c30b478f0e793fc4e788febe8013160276f5eb7d4217659b619,1097039e0e7e72da60365e9814e3061517b9f542548812bc6870651b1464cde7,True
8k-512,main,8192,8184,512,3072,bench-7000-1,3,7000,640,315.28265089652876,46.46840148698885,22.236943748997874,35.976502240002446,cf3bf3862432f28434d999ab26bbb99900518e85f635bb30fbe3b2dee8a43269,b3891c234ab824724793c678fe272125a075f67d4050f6364fc75d65716a01b9,True
8k-512,main,8192,8184,512,3072,bench-7000-2,3,7000,640,315.45883487532615,35.205069530012324,22.22521572799451,40.37075695099338,bbd058e7ee29c3a3403b7d2dedffb873412386e3185a537dc677f2649b4e64fa,6fc497fba02daec677102ebc635311c12bb25adbcec13437613dcdc3874b987f,True
8k-512,main,8192,8184,512,3072,bench-7000-3,3,7000,640,315.89445514975654,43.493034318722394,22.19403974799934,36.875881571999344,271be8da7554e506184cb33a8d8211846dfe34551cfa5e1088b57dae34386533,f5106647d63660877542dccdd741b336f3651de99e0b4748d6907b2f219ed48a,True
8k-512,main,8192,8184,512,3072,bench-7000-4,3,7000,640,315.35082779592295,41.832799529381006,22.232356720996904,37.49824667599751,36e2231837959a481491bf9d851b048eaff4008e60ef9025e304425e89a6ad53,16a8db9bfd9b939ce95dedb5e3a2b21b137ad8ebbbe7ab3be991292953736ece,True
8k-512,public,8192,8184,512,3072,public2185-256-r1,1,2185,256,323.4305845434226,49.72322035544333,6.815883596995263,11.905609935995017,cd1b3cc36dfc56280d180588054f7b87b0bfb4d887bedc4f73fc4a15686f8514,dd5bdf7755e489271c2f5b360b142187922097536223140145ec2aea76de3b12,True
8k-512,public,8192,8184,512,3072,public20-256-r1,1,20,256,54.614964500273075,54.48547408747473,0.4000317419995554,5.065761150995968,05749f4be1649ade32c8156f837fb5d4201f3f2109f408140c8ea5414a27ad5d,4f90da0ea12fbac0be7e1f3362abb1b45a480b8ec9cab48361d853d85348e020,True
8k-512,public,8192,8184,512,3072,public2185-256-r2,2,2185,256,323.35878766352926,49.724186154921924,6.817252700995596,11.906957781000528,cd1b3cc36dfc56280d180588054f7b87b0bfb4d887bedc4f73fc4a15686f8514,dd5bdf7755e489271c2f5b360b142187922097536223140145ec2aea76de3b12,True
8k-512,public,8192,8184,512,3072,public20-256-r2,2,20,256,54.6000546000546,54.47851716286097,0.4001509320005425,5.066493678998086,05749f4be1649ade32c8156f837fb5d4201f3f2109f408140c8ea5414a27ad5d,4f90da0ea12fbac0be7e1f3362abb1b45a480b8ec9cab48361d853d85348e020,True
8k-512,public,8192,8184,512,3072,public2185-256-r3,3,2185,256,323.3013731060606,49.71935753267689,6.818356577998202,11.908829965999757,cd1b3cc36dfc56280d180588054f7b87b0bfb4d887bedc4f73fc4a15686f8514,dd5bdf7755e489271c2f5b360b142187922097536223140145ec2aea76de3b12,True
8k-512,public,8192,8184,512,3072,public20-256-r3,3,20,256,54.55537370430987,54.46808510638298,0.4005099159985548,5.067818413997884,05749f4be1649ade32c8156f837fb5d4201f3f2109f408140c8ea5414a27ad5d,4f90da0ea12fbac0be7e1f3362abb1b45a480b8ec9cab48361d853d85348e020,True
8k-4096,main,8192,8184,4096,3072,bench-512-0,1,512,640,330.8776011373917,47.70032272249592,1.5813149160021567,14.965319010996609,7a8b790518b46aeb09308bcaf0b2d6e5f88e1833675f003ab729879bd66f0429,53ecf36b3515d65adc7128293494e8f8d87de0a7dc70e4b835128b9819446e61,True
8k-4096,main,8192,8184,4096,3072,bench-512-1,1,512,640,331.1558113964168,48.63554498407946,1.5796948159986641,14.706328747000953,46ba88f7512466954166caa83b4d4a9efb14ea97a572d40b6e2b2314fae0fbf2,382eedf95c3f257104e845d37f2d2b2ba65ceb60067fd1a952662dfb1769ee52,True
8k-4096,main,8192,8184,4096,3072,bench-512-2,1,512,640,327.51231369538795,36.646606466980835,1.597785092999402,19.028336301998934,ca4431f9e01900953702dc1788b319df7c908ff2af329367eef614c6f47f793d,107f6791bd6fcb5a486c17a0f68ec5daafe7388ae5039d9999804d81c00d1b6f,True
8k-4096,main,8192,8184,4096,3072,bench-512-3,1,512,640,336.2227475702653,41.33272195348777,1.5563321330046165,17.007930472005683,2577f5dc58806bfa2d770923235ca38c2ee1287f591bf3f0a5affd0d9da1704b,f84efcffb6918e0e067e94df10b742a4bd051f054f15c62c25f1bdb95a26dd73,True
8k-4096,main,8192,8184,4096,3072,bench-512-4,1,512,640,328.75304995505326,44.64565995354061,1.5912580959993647,15.893667525000637,2affe3aea9eb191ea72197455b01efed5acb3922d1414da0f890491bbde3e67f,8ba4ebb1a0399ec82cf6ff2a86e01af9c0e10ab8d572b7d24a1d2d0172ff9e64,True
8k-4096,main,8192,8184,4096,3072,bench-7000-0,1,7000,640,828.0593836872301,43.7325753020281,8.488523036998231,23.089613208998344,6b8e7149da625c30b478f0e793fc4e788febe8013160276f5eb7d4217659b619,a6897badcddbbb3a622492d96b178137039fb367b502105f0e8796f749fc1a0c,True
8k-4096,main,8192,8184,4096,3072,bench-7000-1,1,7000,640,828.9811821271657,46.83326625443635,8.479286790003243,22.111294834001455,cf3bf3862432f28434d999ab26bbb99900518e85f635bb30fbe3b2dee8a43269,afcc84a14aa53dda7b06d551a5d4b1e0914797b81d1d080cdf488af48830be76,True
8k-4096,main,8192,8184,4096,3072,bench-7000-2,1,7000,640,830.0624918476005,33.47315348486909,8.46895773900178,27.55465372100298,bbd058e7ee29c3a3403b7d2dedffb873412386e3185a537dc677f2649b4e64fa,0c492870bf22354cc28f95ec394834cb6d0e6f44e632931a93cec7ecd04d097e,True
8k-4096,main,8192,8184,4096,3072,bench-7000-3,1,7000,640,832.7286137447805,42.91989404151158,8.44094783399487,23.319345058996987,271be8da7554e506184cb33a8d8211846dfe34551cfa5e1088b57dae34386533,99d0ff94eda3ab7f4ae29abaf69eaf0773d6aaef1965b04b1be2cf1c66348b10,True
8k-4096,main,8192,8184,4096,3072,bench-7000-4,1,7000,640,829.9345537323343,40.40225495085444,8.469412726000883,24.2765017290003,36e2231837959a481491bf9d851b048eaff4008e60ef9025e304425e89a6ad53,6eef3d866fd9631257d1de93577e0434ee8cfabaad2e986aa0c6f036d6d83cfe,True
8k-4096,main,8192,8184,4096,3072,bench-512-0,2,512,640,331.1129793701093,47.69996720627255,1.5801466330012772,14.964506882002752,7a8b790518b46aeb09308bcaf0b2d6e5f88e1833675f003ab729879bd66f0429,53ecf36b3515d65adc7128293494e8f8d87de0a7dc70e4b835128b9819446e61,True
8k-4096,main,8192,8184,4096,3072,bench-512-1,2,512,640,331.5203315203315,48.65218250649963,1.578033942001639,14.700113717000932,46ba88f7512466954166caa83b4d4a9efb14ea97a572d40b6e2b2314fae0fbf2,382eedf95c3f257104e845d37f2d2b2ba65ceb60067fd1a952662dfb1769ee52,True
8k-4096,main,8192,8184,4096,3072,bench-512-2,2,512,640,327.78489116517284,36.64471800744346,1.5965668770004413,19.02813425000204,ca4431f9e01900953702dc1788b319df7c908ff2af329367eef614c6f47f793d,107f6791bd6fcb5a486c17a0f68ec5daafe7388ae5039d9999804d81c00d1b6f,True
8k-4096,main,8192,8184,4096,3072,bench-512-3,2,512,640,336.28899835796386,41.34740868037161,1.5560904539961484,17.002041403000476,2577f5dc58806bfa2d770923235ca38c2ee1287f591bf3f0a5affd0d9da1704b,f84efcffb6918e0e067e94df10b742a4bd051f054f15c62c25f1bdb95a26dd73,True
8k-4096,main,8192,8184,4096,3072,bench-512-4,2,512,640,329.0065544274515,44.614226361431,1.5898735009977827,15.90252744800091,2affe3aea9eb191ea72197455b01efed5acb3922d1414da0f890491bbde3e67f,8ba4ebb1a0399ec82cf6ff2a86e01af9c0e10ab8d572b7d24a1d2d0172ff9e64,True
8k-4096,main,8192,8184,4096,3072,bench-7000-0,2,7000,640,828.5004142502071,43.728989587034356,8.483962445003272,23.086291122999683,6b8e7149da625c30b478f0e793fc4e788febe8013160276f5eb7d4217659b619,a6897badcddbbb3a622492d96b178137039fb367b502105f0e8796f749fc1a0c,True
8k-4096,main,8192,8184,4096,3072,bench-7000-1,2,7000,640,828.8535770952235,46.86138548615027,8.480380373002845,22.10415563800052,cf3bf3862432f28434d999ab26bbb99900518e85f635bb30fbe3b2dee8a43269,afcc84a14aa53dda7b06d551a5d4b1e0914797b81d1d080cdf488af48830be76,True
8k-4096,main,8192,8184,4096,3072,bench-7000-2,2,7000,640,830.0920216298265,33.48085836550634,8.468579719003174,27.549830502000987,bbd058e7ee29c3a3403b7d2dedffb873412386e3185a537dc677f2649b4e64fa,0c492870bf22354cc28f95ec394834cb6d0e6f44e632931a93cec7ecd04d097e,True
8k-4096,main,8192,8184,4096,3072,bench-7000-3,2,7000,640,832.8673242352493,42.91989404151158,8.439344229002018,23.31782736400055,271be8da7554e506184cb33a8d8211846dfe34551cfa5e1088b57dae34386533,99d0ff94eda3ab7f4ae29abaf69eaf0773d6aaef1965b04b1be2cf1c66348b10,True
8k-4096,main,8192,8184,4096,3072,bench-7000-4,2,7000,640,830.0034385856741,40.38313499324844,8.46887673099991,24.283383722999133,36e2231837959a481491bf9d851b048eaff4008e60ef9025e304425e89a6ad53,6eef3d866fd9631257d1de93577e0434ee8cfabaad2e986aa0c6f036d6d83cfe,True
8k-4096,main,8192,8184,4096,3072,bench-512-0,3,512,640,330.9203722854188,47.69996720627255,1.5811564449977595,14.965367263001099,7a8b790518b46aeb09308bcaf0b2d6e5f88e1833675f003ab729879bd66f0429,53ecf36b3515d65adc7128293494e8f8d87de0a7dc70e4b835128b9819446e61,True
8k-4096,main,8192,8184,4096,3072,bench-512-1,3,512,640,331.370137855155,48.636284187888045,1.5787563980047707,14.705128487003094,46ba88f7512466954166caa83b4d4a9efb14ea97a572d40b6e2b2314fae0fbf2,382eedf95c3f257104e845d37f2d2b2ba65ceb60067fd1a952662dfb1769ee52,True
8k-4096,main,8192,8184,4096,3072,bench-512-2,3,512,640,327.68,36.643039540129855,1.5972283160008374,19.029236464004498,ca4431f9e01900953702dc1788b319df7c908ff2af329367eef614c6f47f793d,107f6791bd6fcb5a486c17a0f68ec5daafe7388ae5039d9999804d81c00d1b6f,True
8k-4096,main,8192,8184,4096,3072,bench-512-3,3,512,640,336.28899835796386,41.35328629397017,1.556216282006062,16.99992331300018,2577f5dc58806bfa2d770923235ca38c2ee1287f591bf3f0a5affd0d9da1704b,f84efcffb6918e0e067e94df10b742a4bd051f054f15c62c25f1bdb95a26dd73,True
8k-4096,main,8192,8184,4096,3072,bench-512-4,3,512,640,328.92200950790186,44.63787523713871,1.5903917530013132,15.895306143000198,2affe3aea9eb191ea72197455b01efed5acb3922d1414da0f890491bbde3e67f,8ba4ebb1a0399ec82cf6ff2a86e01af9c0e10ab8d572b7d24a1d2d0172ff9e64,True
8k-4096,main,8192,8184,4096,3072,bench-7000-0,3,7000,640,828.5494466473339,43.73646049025839,8.483659700999851,23.083241319996887,6b8e7149da625c30b478f0e793fc4e788febe8013160276f5eb7d4217659b619,a6897badcddbbb3a622492d96b178137039fb367b502105f0e8796f749fc1a0c,True
8k-4096,main,8192,8184,4096,3072,bench-7000-1,3,7000,640,828.490608467174,46.868248958279935,8.484360643997206,22.10602983499848,cf3bf3862432f28434d999ab26bbb99900518e85f635bb30fbe3b2dee8a43269,afcc84a14aa53dda7b06d551a5d4b1e0914797b81d1d080cdf488af48830be76,True
8k-4096,main,8192,8184,4096,3072,bench-7000-2,3,7000,640,830.0821781356354,33.466677125003265,8.468654577998677,27.55782354099938,bbd058e7ee29c3a3403b7d2dedffb873412386e3185a537dc677f2649b4e64fa,0c492870bf22354cc28f95ec394834cb6d0e6f44e632931a93cec7ecd04d097e,True
8k-4096,main,8192,8184,4096,3072,bench-7000-3,3,7000,640,832.8375966686497,42.92277254283894,8.439849987000343,23.317097936997015,271be8da7554e506184cb33a8d8211846dfe34551cfa5e1088b57dae34386533,99d0ff94eda3ab7f4ae29abaf69eaf0773d6aaef1965b04b1be2cf1c66348b10,True
8k-4096,main,8192,8184,4096,3072,bench-7000-4,3,7000,640,830.0329641662912,40.405060733856914,8.468491788000392,24.274414861996775,36e2231837959a481491bf9d851b048eaff4008e60ef9025e304425e89a6ad53,6eef3d866fd9631257d1de93577e0434ee8cfabaad2e986aa0c6f036d6d83cfe,True
8k-4096,public,8192,8184,4096,3072,public2185-256-r1,1,2185,256,723.7735599059259,47.42585079382723,3.0805087330008973,8.418293693001033,cd1b3cc36dfc56280d180588054f7b87b0bfb4d887bedc4f73fc4a15686f8514,38601a475af3ca3649993a5c12afe4eb869422c41a01ce46200d30674f645017,True
8k-4096,public,8192,8184,4096,3072,public20-256-r1,1,20,256,50.12531328320802,53.50946866769784,0.43392555299942615,5.184442054000101,05749f4be1649ade32c8156f837fb5d4201f3f2109f408140c8ea5414a27ad5d,4f90da0ea12fbac0be7e1f3362abb1b45a480b8ec9cab48361d853d85348e020,True
8k-4096,public,8192,8184,4096,3072,public2185-256-r2,2,2185,256,722.7202063969834,47.40389600770314,3.0846155070030363,8.424763125003665,cd1b3cc36dfc56280d180588054f7b87b0bfb4d887bedc4f73fc4a15686f8514,38601a475af3ca3649993a5c12afe4eb869422c41a01ce46200d30674f645017,True
8k-4096,public,8192,8184,4096,3072,public20-256-r2,2,20,256,50.188205771643666,53.50164057765053,0.4332570679980563,5.184587747004116,05749f4be1649ade32c8156f837fb5d4201f3f2109f408140c8ea5414a27ad5d,4f90da0ea12fbac0be7e1f3362abb1b45a480b8ec9cab48361d853d85348e020,True
8k-4096,public,8192,8184,4096,3072,public2185-256-r3,3,2185,256,582.4181682482141,47.40301823905194,3.812937997005065,9.153436525004508,cd1b3cc36dfc56280d180588054f7b87b0bfb4d887bedc4f73fc4a15686f8514,38601a475af3ca3649993a5c12afe4eb869422c41a01ce46200d30674f645017,True
8k-4096,public,8192,8184,4096,3072,public20-256-r3,3,20,256,50.112753695815584,53.5083502288736,0.4339962550002383,5.184664774002158,05749f4be1649ade32c8156f837fb5d4201f3f2109f408140c8ea5414a27ad5d,4f90da0ea12fbac0be7e1f3362abb1b45a480b8ec9cab48361d853d85348e020,True
262k-512,main,262152,262144,512,4096,bench-512-0,1,512,640,320.72162365321975,46.00047437989205,1.6305150300031528,15.51022553400253,7a8b790518b46aeb09308bcaf0b2d6e5f88e1833675f003ab729879bd66f0429,53ecf36b3515d65adc7128293494e8f8d87de0a7dc70e4b835128b9819446e61,True
262k-512,main,262152,262144,512,4096,bench-512-1,1,512,640,321.2045169385195,47.3138311635506,1.6278641449971474,15.121843083994463,46ba88f7512466954166caa83b4d4a9efb14ea97a572d40b6e2b2314fae0fbf2,382eedf95c3f257104e845d37f2d2b2ba65ceb60067fd1a952662dfb1769ee52,True
262k-512,main,262152,262144,512,4096,bench-512-2,1,512,640,317.2242874845105,35.22735404041238,1.6493346380011644,19.782639541001117,ca4431f9e01900953702dc1788b319df7c908ff2af329367eef614c6f47f793d,107f6791bd6fcb5a486c17a0f68ec5daafe7388ae5039d9999804d81c00d1b6f,True
262k-512,main,262152,262144,512,4096,bench-512-3,1,512,640,326.21854093660403,40.216414580963814,1.6036899610044202,17.484375810003257,2577f5dc58806bfa2d770923235ca38c2ee1287f591bf3f0a5affd0d9da1704b,f84efcffb6918e0e067e94df10b742a4bd051f054f15c62c25f1bdb95a26dd73,True
262k-512,main,262152,262144,512,4096,bench-512-4,1,512,640,317.40127704420064,43.512550651328496,1.6472808589969645,16.322636835000594,2affe3aea9eb191ea72197455b01efed5acb3922d1414da0f890491bbde3e67f,8ba4ebb1a0399ec82cf6ff2a86e01af9c0e10ab8d572b7d24a1d2d0172ff9e64,True
262k-512,main,262152,262144,512,4096,bench-7000-0,1,7000,640,287.6456205954264,48.78866883166385,24.37071036999987,37.45503619199735,6b8e7149da625c30b478f0e793fc4e788febe8013160276f5eb7d4217659b619,1097039e0e7e72da60365e9814e3061517b9f542548812bc6870651b1464cde7,True
262k-512,main,262152,262144,512,4096,bench-7000-1,1,7000,640,287.80409586343285,44.12089124200309,24.357459778999328,38.82931439999811,cf3bf3862432f28434d999ab26bbb99900518e85f635bb30fbe3b2dee8a43269,b3891c234ab824724793c678fe272125a075f67d4050f6364fc75d65716a01b9,True
262k-512,main,262152,262144,512,4096,bench-7000-2,1,7000,640,287.93194934043015,32.83802643461128,24.347708400004194,43.80252295399987,bbd058e7ee29c3a3403b7d2dedffb873412386e3185a537dc677f2649b4e64fa,6fc497fba02daec677102ebc635311c12bb25adbcec13437613dcdc3874b987f,True
262k-512,main,262152,262144,512,4096,bench-7000-3,1,7000,640,288.49680798888875,42.37765108625839,24.29905910499656,39.36770728800184,271be8da7554e506184cb33a8d8211846dfe34551cfa5e1088b57dae34386533,f5106647d63660877542dccdd741b336f3651de99e0b4748d6907b2f219ed48a,True
262k-512,main,262152,262144,512,4096,bench-7000-4,1,7000,640,287.6645338396229,40.96026214567773,24.369260341998597,39.96049542899709,36e2231837959a481491bf9d851b048eaff4008e60ef9025e304425e89a6ad53,16a8db9bfd9b939ce95dedb5e3a2b21b137ad8ebbbe7ab3be991292953736ece,True
262k-512,main,262152,262144,512,4096,bench-512-0,2,512,640,318.1309804896234,45.08756851196934,1.6436967349945917,15.804917542998737,7a8b790518b46aeb09308bcaf0b2d6e5f88e1833675f003ab729879bd66f0429,53ecf36b3515d65adc7128293494e8f8d87de0a7dc70e4b835128b9819446e61,True
262k-512,main,262152,262144,512,4096,bench-512-1,2,512,640,318.86404683315686,46.62955731064028,1.639718692000315,15.331977528003335,46ba88f7512466954166caa83b4d4a9efb14ea97a572d40b6e2b2314fae0fbf2,382eedf95c3f257104e845d37f2d2b2ba65ceb60067fd1a952662dfb1769ee52,True
262k-512,main,262152,262144,512,4096,bench-512-2,2,512,640,314.43837130749864,34.09659992967576,1.6640070880021085,20.39944585700141,ca4431f9e01900953702dc1788b319df7c908ff2af329367eef614c6f47f793d,107f6791bd6fcb5a486c17a0f68ec5daafe7388ae5039d9999804d81c00d1b6f,True
262k-512,main,262152,262144,512,4096,bench-512-3,2,512,640,323.43651295009477,39.646158039497486,1.6174420829993323,17.726890749996528,2577f5dc58806bfa2d770923235ca38c2ee1287f591bf3f0a5affd0d9da1704b,f84efcffb6918e0e067e94df10b742a4bd051f054f15c62c25f1bdb95a26dd73,True
262k-512,main,262152,262144,512,4096,bench-512-4,2,512,640,315.19330214232946,42.96224692551421,1.658742642001016,16.52241344399954,2affe3aea9eb191ea72197455b01efed5acb3922d1414da0f890491bbde3e67f,8ba4ebb1a0399ec82cf6ff2a86e01af9c0e10ab8d572b7d24a1d2d0172ff9e64,True
262k-512,main,262152,262144,512,4096,bench-7000-0,2,7000,640,284.93275586961477,47.55535740823302,24.60263190200203,38.02679158800311,6b8e7149da625c30b478f0e793fc4e788febe8013160276f5eb7d4217659b619,1097039e0e7e72da60365e9814e3061517b9f542548812bc6870651b1464cde7,True
262k-512,main,262152,262144,512,4096,bench-7000-1,2,7000,640,284.9559539511178,43.25084136402341,24.60098869099602,39.36411245299678,cf3bf3862432f28434d999ab26bbb99900518e85f635bb30fbe3b2dee8a43269,b3891c234ab824724793c678fe272125a075f67d4050f6364fc75d65716a01b9,True
262k-512,main,262152,262144,512,4096,bench-7000-2,2,7000,640,285.2485737571312,31.708440886052742,24.576962859006017,44.72560127500037,bbd058e7ee29c3a3403b7d2dedffb873412386e3185a537dc677f2649b4e64fa,6fc497fba02daec677102ebc635311c12bb25adbcec13437613dcdc3874b987f,True
262k-512,main,262152,262144,512,4096,bench-7000-3,2,7000,640,285.7259479978775,41.86536360722439,24.53467792900483,39.78784895900026,271be8da7554e506184cb33a8d8211846dfe34551cfa5e1088b57dae34386533,f5106647d63660877542dccdd741b336f3651de99e0b4748d6907b2f219ed48a,True
262k-512,main,262152,262144,512,4096,bench-7000-4,2,7000,640,285.04530184261426,40.5422526289117,24.593217346002348,40.345099539998046,36e2231837959a481491bf9d851b048eaff4008e60ef9025e304425e89a6ad53,16a8db9bfd9b939ce95dedb5e3a2b21b137ad8ebbbe7ab3be991292953736ece,True
262k-512,main,262152,262144,512,4096,bench-512-0,3,512,640,320.56098171800653,45.99353215954007,1.6313107940004556,15.513204158000008,7a8b790518b46aeb09308bcaf0b2d6e5f88e1833675f003ab729879bd66f0429,53ecf36b3515d65adc7128293494e8f8d87de0a7dc70e4b835128b9819446e61,True
262k-512,main,262152,262144,512,4096,bench-512-1,3,512,640,321.36580466984685,47.31278184371997,1.6271679769997718,15.121397080998577,46ba88f7512466954166caa83b4d4a9efb14ea97a572d40b6e2b2314fae0fbf2,382eedf95c3f257104e845d37f2d2b2ba65ceb60067fd1a952662dfb1769ee52,True
262k-512,main,262152,262144,512,4096,bench-512-2,3,512,640,316.9297431135871,35.22367030644593,1.6509387949990924,19.786140595999314,ca4431f9e01900953702dc1788b319df7c908ff2af329367eef614c6f47f793d,107f6791bd6fcb5a486c17a0f68ec5daafe7388ae5039d9999804d81c00d1b6f,True
262k-512,main,262152,262144,512,4096,bench-512-3,3,512,640,326.0731117055152,40.21515105816116,1.6044366169953719,17.485617870996066,2577f5dc58806bfa2d770923235ca38c2ee1287f591bf3f0a5affd0d9da1704b,f84efcffb6918e0e067e94df10b742a4bd051f054f15c62c25f1bdb95a26dd73,True
262k-512,main,262152,262144,512,4096,bench-512-4,3,512,640,318.1902927102107,43.508113583369024,1.6432227010009228,16.320090422006615,2affe3aea9eb191ea72197455b01efed5acb3922d1414da0f890491bbde3e67f,8ba4ebb1a0399ec82cf6ff2a86e01af9c0e10ab8d572b7d24a1d2d0172ff9e64,True
262k-512,main,262152,262144,512,4096,bench-7000-0,3,7000,640,287.71419294113775,48.79238838741156,24.365081126001314,37.448226578002505,6b8e7149da625c30b478f0e793fc4e788febe8013160276f5eb7d4217659b619,1097039e0e7e72da60365e9814e3061517b9f542548812bc6870651b1464cde7,True
262k-512,main,262152,262144,512,4096,bench-7000-1,3,7000,640,287.80291256547514,44.12058707956182,24.357497923003393,38.82947031799995,cf3bf3862432f28434d999ab26bbb99900518e85f635bb30fbe3b2dee8a43269,b3891c234ab824724793c678fe272125a075f67d4050f6364fc75d65716a01b9,True
262k-512,main,262152,262144,512,4096,bench-7000-2,3,7000,640,287.96629971532474,32.83330939237857,24.34486455500155,43.802383964997716,bbd058e7ee29c3a3403b7d2dedffb873412386e3185a537dc677f2649b4e64fa,6fc497fba02daec677102ebc635311c12bb25adbcec13437613dcdc3874b987f,True
262k-512,main,262152,262144,512,4096,bench-7000-3,3,7000,640,288.49442999682657,42.39561735305613,24.299175920998096,39.36139631699916,271be8da7554e506184cb33a8d8211846dfe34551cfa5e1088b57dae34386533,f5106647d63660877542dccdd741b336f3651de99e0b4748d6907b2f219ed48a,True
262k-512,main,262152,262144,512,4096,bench-7000-4,3,7000,640,287.7011853288836,40.96131076194438,24.366155340998375,39.95687096999609,36e2231837959a481491bf9d851b048eaff4008e60ef9025e304425e89a6ad53,16a8db9bfd9b939ce95dedb5e3a2b21b137ad8ebbbe7ab3be991292953736ece,True
262k-512,public,262152,262144,512,4096,public2185-256-r1,1,2185,256,300.9185936015204,48.51517046638998,7.3306941440023365,12.547350928005471,cd1b3cc36dfc56280d180588054f7b87b0bfb4d887bedc4f73fc4a15686f8514,dd5bdf7755e489271c2f5b360b142187922097536223140145ec2aea76de3b12,True
262k-512,public,262152,262144,512,4096,public20-256-r1,1,20,256,48.828125,50.51701002446917,0.4462103360056062,5.47836589000508,05749f4be1649ade32c8156f837fb5d4201f3f2109f408140c8ea5414a27ad5d,4f90da0ea12fbac0be7e1f3362abb1b45a480b8ec9cab48361d853d85348e020,True
262k-512,public,262152,262144,512,4096,public2185-256-r2,2,2185,256,302.43051710774,48.95305478535233,7.285462539002765,12.455673757998738,cd1b3cc36dfc56280d180588054f7b87b0bfb4d887bedc4f73fc4a15686f8514,dd5bdf7755e489271c2f5b360b142187922097536223140145ec2aea76de3b12,True
262k-512,public,262152,262144,512,4096,public20-256-r2,2,20,256,49.01960784313726,51.534977352793156,0.4439065019978443,5.376657145003264,05749f4be1649ade32c8156f837fb5d4201f3f2109f408140c8ea5414a27ad5d,4f90da0ea12fbac0be7e1f3362abb1b45a480b8ec9cab48361d853d85348e020,True
262k-512,public,262152,262144,512,4096,public2185-256-r3,3,2185,256,302.9084758920897,48.94556717587901,7.28071175700461,12.451828441000544,cd1b3cc36dfc56280d180588054f7b87b0bfb4d887bedc4f73fc4a15686f8514,dd5bdf7755e489271c2f5b360b142187922097536223140145ec2aea76de3b12,True
262k-512,public,262152,262144,512,4096,public20-256-r3,3,20,256,49.14004914004914,51.531865211965055,0.44289757200021995,5.375990995002212,05749f4be1649ade32c8156f837fb5d4201f3f2109f408140c8ea5414a27ad5d,4f90da0ea12fbac0be7e1f3362abb1b45a480b8ec9cab48361d853d85348e020,True
